<persistence xmlns="http://java.sun.com/xml/ns/persistence"
             xmlns:xsi="http://www.w3.org/2001/XMLSchema-instance"
             xsi:schemaLocation="http://java.sun.com/xml/ns/persistence http://java.sun.com/xml/ns/persistence/persistence_2_0.xsd"
             version="2.0">
    <persistence-unit name="MMCDatasource">
        <jta-data-source>java:/MMCDatasource</jta-data-source>
        <properties>
            <property name="hibernate.dialect" value="org.hibernate.dialect.Oracle10gDialect"/>
            <property name="hibernate.show_sql" value="true"/>
        </properties>
    </persistence-unit>
</persistence>